[
  {
    "id": "0001",
    "name": "3/4 Sit-Up",
    "bodyPart": "waist",
    "equipment": "body weight",
    "target": "abs",
    "secondaryMuscles": ["hip flexors"],
    "instructions": [
      "Lie flat on your back with your knees bent and feet flat on the ground.",
      "Place your hands behind your head or crossed over your chest.",
      "Engage your core and curl your upper body towards your knees, lifting your shoulder blades off the ground.",
      "Pause at the top of the movement, then slowly lower your upper body back down to the starting position.",
      "Repeat for the desired number of repetitions."
    ],
    "gifUrl": "https://v2.exercisedb.io/image/rRGxN0hmaDsRCL"
  },
  {
    "id": "0002",
    "name": "45° Side Bend",
    "bodyPart": "waist",
    "equipment": "body weight",
    "target": "abs",
    "secondaryMuscles": ["obliques"],
    "instructions": [
      "Stand with your feet shoulder-width apart and place your hands behind your head.",
      "Bend your torso to one side, keeping your back straight and your core engaged.",
      "Return to the starting position and repeat on the other side.",
      "Continue alternating sides for the desired number of repetitions."
    ],
    "gifUrl": "https://v2.exercisedb.io/image/p0KiUMfD0c8E6D"
  },
  {
    "id": "0003",
    "name": "Air Bike",
    "bodyPart": "waist",
    "equipment": "body weight",
    "target": "abs",
    "secondaryMuscles": ["hip flexors", "obliques"],
    "instructions": [
      "Lie flat on your back with your hands placed behind your head.",
      "Lift your legs off the ground and bend your knees at a 90-degree angle.",
      "Bring your right elbow towards your left knee while simultaneously straightening your right leg.",
      "Return to the starting position and repeat on the other side, bringing your left elbow towards your right knee while straightening your left leg.",
      "Continue alternating sides in a pedaling motion for the desired number of repetitions."
    ],
    "gifUrl": "https://v2.exercisedb.io/image/Um0LPT5HKXJC7a"
  },
  {
    "id": "0006",
    "name": "Alternate Heel Touchers",
    "bodyPart": "waist",
    "equipment": "body weight",
    "target": "abs",
    "secondaryMuscles": ["obliques"],
    "instructions": [
      "Lie flat on your back with your knees bent and feet flat on the ground.",
      "Extend your arms straight by your sides, parallel to the ground.",
      "Engaging your core, reach your right hand towards your right heel by bending your torso to the right.",
      "Return to the starting position and repeat on the left side, reaching your left hand towards your left heel.",
      "Continue alternating sides for the desired number of repetitions."
    ],
    "gifUrl": "https://v2.exercisedb.io/image/0l6Xv-6CKPkHra"
  },
  {
    "id": "0007",
    "name": "Alternate Lateral Pulldown",
    "bodyPart": "back",
    "equipment": "cable",
    "target": "lats",
    "secondaryMuscles": ["biceps", "rhomboids"],
    "instructions": [
      "Sit on the lat pulldown machine with your thighs secured under the pads.",
      "Grasp the bar with a wide overhand grip.",
      "Pull the bar down towards your chest, squeezing your shoulder blades together.",
      "Pause for a moment at the bottom, then slowly release the bar back to the starting position.",
      "Repeat for the desired number of repetitions, alternating arms."
    ],
    "gifUrl": "https://v2.exercisedb.io/image/bYNMh7hl4n4wIs"
  },
  {
    "id": "0025",
    "name": "Barbell Bench Press - Medium Grip",
    "bodyPart": "chest",
    "equipment": "barbell",
    "target": "pectorals",
    "secondaryMuscles": ["triceps", "shoulders"],
    "instructions": [
      "Lie flat on a bench with your feet flat on the ground.",
      "Grip the barbell with your hands slightly wider than shoulder-width apart.",
      "Lift the barbell off the rack and hold it directly above your chest with your arms fully extended.",
      "Lower the barbell slowly towards your chest, keeping your elbows at a 45-degree angle.",
      "Pause for a moment when the barbell touches your chest.",
      "Push the barbell back up to the starting position, fully extending your arms.",
      "Repeat for the desired number of repetitions."
    ],
    "gifUrl": "https://v2.exercisedb.io/image/GiQSHxYRwL-Vex"
  },
  {
    "id": "0032",
    "name": "Barbell Curl",
    "bodyPart": "upper arms",
    "equipment": "barbell",
    "target": "biceps",
    "secondaryMuscles": ["forearms"],
    "instructions": [
      "Stand with your feet shoulder-width apart and grasp the barbell with an underhand grip, hands slightly wider than shoulder-width apart.",
      "Keep your elbows close to your sides and your upper arms stationary.",
      "Curl the barbell up towards your shoulders, squeezing your biceps at the top.",
      "Slowly lower the barbell back to the starting position.",
      "Repeat for the desired number of repetitions."
    ],
    "gifUrl": "https://v2.exercisedb.io/image/BivJnJkX7c96XZ"
  },
  {
    "id": "0043",
    "name": "Barbell Deadlift",
    "bodyPart": "back",
    "equipment": "barbell",
    "target": "glutes",
    "secondaryMuscles": ["hamstrings", "lower back", "quadriceps"],
    "instructions": [
      "Stand with your feet hip-width apart, toes pointing forward, and the barbell on the ground in front of you.",
      "Bend at your hips and knees, keeping your back straight, and grip the barbell with an overhand or mixed grip.",
      "Engage your core and drive through your heels to lift the barbell off the ground, extending your hips and knees.",
      "Keep the barbell close to your body as you stand up straight, squeezing your glutes at the top.",
      "Lower the barbell back down to the ground by bending at your hips and knees, keeping your back straight.",
      "Repeat for the desired number of repetitions."
    ],
    "gifUrl": "https://v2.exercisedb.io/image/UH0xHuq-l0MBZV"
  },
  {
    "id": "0084",
    "name": "Barbell Full Squat",
    "bodyPart": "upper legs",
    "equipment": "barbell",
    "target": "quads",
    "secondaryMuscles": ["glutes", "hamstrings", "core"],
    "instructions": [
      "Stand with your feet shoulder-width apart, toes slightly turned out.",
      "Hold the barbell across your upper back, resting it on your traps.",
      "Keeping your chest up and core engaged, push your hips back and bend your knees to lower into a squat.",
      "Lower until your thighs are at least parallel to the ground.",
      "Drive through your heels to stand back up to the starting position.",
      "Repeat for the desired number of repetitions."
    ],
    "gifUrl": "https://v2.exercisedb.io/image/U6iCKNyoJLDCbf"
  },
  {
    "id": "0148",
    "name": "Cable Crossover",
    "bodyPart": "chest",
    "equipment": "cable",
    "target": "pectorals",
    "secondaryMuscles": ["shoulders", "triceps"],
    "instructions": [
      "Set the pulleys to the highest position on the cable machine.",
      "Stand in the center of the machine with one foot slightly in front of the other.",
      "Grab the handles and step forward to create tension on the cables.",
      "With a slight bend in your elbows, bring your hands together in front of your chest.",
      "Squeeze your chest at the peak of the movement.",
      "Slowly return to the starting position with control.",
      "Repeat for the desired number of repetitions."
    ],
    "gifUrl": "https://v2.exercisedb.io/image/MHTaOBJCKGlYNF"
  },
  {
    "id": "0251",
    "name": "Dumbbell Bench Press",
    "bodyPart": "chest",
    "equipment": "dumbbell",
    "target": "pectorals",
    "secondaryMuscles": ["triceps", "shoulders"],
    "instructions": [
      "Lie flat on a bench with a dumbbell in each hand, resting on your thighs.",
      "Use your thighs to help lift the dumbbells as you lie back on the bench.",
      "Position the dumbbells at shoulder width with your palms facing forward.",
      "Press the dumbbells up until your arms are fully extended.",
      "Lower the dumbbells slowly to the sides of your chest.",
      "Repeat for the desired number of repetitions."
    ],
    "gifUrl": "https://v2.exercisedb.io/image/8P-eVSmNHqcCfP"
  },
  {
    "id": "0294",
    "name": "Dumbbell Curl",
    "bodyPart": "upper arms",
    "equipment": "dumbbell",
    "target": "biceps",
    "secondaryMuscles": ["forearms"],
    "instructions": [
      "Stand up straight with a dumbbell in each hand, arms at your sides, palms facing forward.",
      "Keep your elbows close to your torso at all times.",
      "Curl the dumbbells up towards your shoulders while contracting your biceps.",
      "Continue the movement until your biceps are fully contracted and the dumbbells are at shoulder level.",
      "Hold the contracted position for a brief pause.",
      "Slowly lower the dumbbells back to the starting position.",
      "Repeat for the desired number of repetitions."
    ],
    "gifUrl": "https://v2.exercisedb.io/image/dv7JZb0hSvvkLp"
  },
  {
    "id": "0334",
    "name": "Dumbbell Fly",
    "bodyPart": "chest",
    "equipment": "dumbbell",
    "target": "pectorals",
    "secondaryMuscles": ["shoulders"],
    "instructions": [
      "Lie flat on a bench with a dumbbell in each hand, arms extended above your chest.",
      "Keep a slight bend in your elbows throughout the movement.",
      "Lower the dumbbells out to the sides in a wide arc until you feel a stretch in your chest.",
      "Squeeze your chest muscles to bring the dumbbells back up to the starting position.",
      "Repeat for the desired number of repetitions."
    ],
    "gifUrl": "https://v2.exercisedb.io/image/oGqNNcJzFEp0bj"
  },
  {
    "id": "0405",
    "name": "Dumbbell Lateral Raise",
    "bodyPart": "shoulders",
    "equipment": "dumbbell",
    "target": "delts",
    "secondaryMuscles": ["traps"],
    "instructions": [
      "Stand with feet shoulder-width apart, holding a dumbbell in each hand at your sides.",
      "Keep a slight bend in your elbows throughout the movement.",
      "Raise both arms out to the sides until they are parallel to the ground.",
      "Pause at the top of the movement.",
      "Slowly lower the dumbbells back to your sides.",
      "Repeat for the desired number of repetitions."
    ],
    "gifUrl": "https://v2.exercisedb.io/image/N7T2OClTlYOAz7"
  },
  {
    "id": "0460",
    "name": "Dumbbell Lunge",
    "bodyPart": "upper legs",
    "equipment": "dumbbell",
    "target": "quads",
    "secondaryMuscles": ["glutes", "hamstrings"],
    "instructions": [
      "Stand upright with a dumbbell in each hand, arms at your sides.",
      "Step forward with one leg, lowering your hips until both knees are bent at 90-degree angles.",
      "Make sure your front knee is directly above your ankle.",
      "Push through your front heel to return to the starting position.",
      "Repeat on the other side.",
      "Continue alternating legs for the desired number of repetitions."
    ],
    "gifUrl": "https://v2.exercisedb.io/image/VUh6NJ2a0MKL3Z"
  },
  {
    "id": "0489",
    "name": "Dumbbell Romanian Deadlift",
    "bodyPart": "upper legs",
    "equipment": "dumbbell",
    "target": "hamstrings",
    "secondaryMuscles": ["glutes", "lower back"],
    "instructions": [
      "Stand with feet hip-width apart, holding a dumbbell in each hand in front of your thighs.",
      "Keep your knees slightly bent and your back straight.",
      "Hinge at your hips, pushing your butt back as you lower the dumbbells along your legs.",
      "Lower until you feel a stretch in your hamstrings, keeping your back flat.",
      "Squeeze your glutes and hamstrings to return to the starting position.",
      "Repeat for the desired number of repetitions."
    ],
    "gifUrl": "https://v2.exercisedb.io/image/pXLkTPAVGXhZBe"
  },
  {
    "id": "0540",
    "name": "Dumbbell Shoulder Press",
    "bodyPart": "shoulders",
    "equipment": "dumbbell",
    "target": "delts",
    "secondaryMuscles": ["triceps", "upper chest"],
    "instructions": [
      "Sit on a bench with back support, holding a dumbbell in each hand at shoulder height.",
      "Position your palms facing forward.",
      "Press the dumbbells upward until your arms are fully extended.",
      "Pause at the top of the movement.",
      "Lower the dumbbells back to shoulder height with control.",
      "Repeat for the desired number of repetitions."
    ],
    "gifUrl": "https://v2.exercisedb.io/image/qZ8NMKJPvYhFcV"
  },
  {
    "id": "0588",
    "name": "Dumbbell Triceps Extension",
    "bodyPart": "upper arms",
    "equipment": "dumbbell",
    "target": "triceps",
    "secondaryMuscles": [],
    "instructions": [
      "Stand or sit with a dumbbell held by both hands behind your head.",
      "Keep your upper arms close to your head and perpendicular to the floor.",
      "Extend your arms upward, lifting the dumbbell overhead.",
      "Keep your upper arms stationary throughout the movement.",
      "Slowly lower the dumbbell back behind your head.",
      "Repeat for the desired number of repetitions."
    ],
    "gifUrl": "https://v2.exercisedb.io/image/sK7NhMJXvYZFbV"
  },
  {
    "id": "0652",
    "name": "Jumping Jack",
    "bodyPart": "cardio",
    "equipment": "body weight",
    "target": "cardiovascular system",
    "secondaryMuscles": ["calves", "shoulders", "quads"],
    "instructions": [
      "Stand upright with your feet together and arms at your sides.",
      "Jump up, spreading your feet to about shoulder-width apart while raising your arms overhead.",
      "Jump again, bringing your feet back together and lowering your arms to your sides.",
      "Continue the motion at a steady pace.",
      "Repeat for the desired number of repetitions or time."
    ],
    "gifUrl": "https://v2.exercisedb.io/image/2L7dPGKlMnChfV"
  },
  {
    "id": "0660",
    "name": "Burpee",
    "bodyPart": "cardio",
    "equipment": "body weight",
    "target": "cardiovascular system",
    "secondaryMuscles": ["chest", "quads", "shoulders", "triceps"],
    "instructions": [
      "Start in a standing position with your feet shoulder-width apart.",
      "Drop into a squat position and place your hands on the floor.",
      "Kick your feet back into a plank position.",
      "Perform a push-up.",
      "Jump your feet back towards your hands.",
      "Explosively jump up with your arms overhead.",
      "Land softly and repeat for the desired number of repetitions."
    ],
    "gifUrl": "https://v2.exercisedb.io/image/7K8dXGPmMnRhfW"
  },
  {
    "id": "0685",
    "name": "Mountain Climber",
    "bodyPart": "cardio",
    "equipment": "body weight",
    "target": "cardiovascular system",
    "secondaryMuscles": ["abs", "hip flexors", "shoulders"],
    "instructions": [
      "Start in a high plank position with your hands directly under your shoulders.",
      "Engage your core and keep your body in a straight line.",
      "Drive your right knee towards your chest.",
      "Quickly switch legs, driving your left knee towards your chest while extending your right leg back.",
      "Continue alternating legs at a rapid pace.",
      "Repeat for the desired number of repetitions or time."
    ],
    "gifUrl": "https://v2.exercisedb.io/image/4M9dYHQnNnSigX"
  },
  {
    "id": "0700",
    "name": "Push-Up",
    "bodyPart": "chest",
    "equipment": "body weight",
    "target": "pectorals",
    "secondaryMuscles": ["triceps", "shoulders", "core"],
    "instructions": [
      "Start in a high plank position with your hands slightly wider than shoulder-width apart.",
      "Keep your body in a straight line from head to heels.",
      "Lower your body until your chest nearly touches the floor.",
      "Keep your elbows at a 45-degree angle from your body.",
      "Push yourself back up to the starting position.",
      "Repeat for the desired number of repetitions."
    ],
    "gifUrl": "https://v2.exercisedb.io/image/5N0dZIPoPnTjhY"
  },
  {
    "id": "0714",
    "name": "Pull-Up",
    "bodyPart": "back",
    "equipment": "body weight",
    "target": "lats",
    "secondaryMuscles": ["biceps", "forearms", "rhomboids"],
    "instructions": [
      "Grab the pull-up bar with an overhand grip, hands slightly wider than shoulder-width apart.",
      "Hang with your arms fully extended and your feet off the ground.",
      "Pull your body up until your chin is above the bar.",
      "Squeeze your shoulder blades together at the top of the movement.",
      "Lower yourself back to the starting position with control.",
      "Repeat for the desired number of repetitions."
    ],
    "gifUrl": "https://v2.exercisedb.io/image/6O1dAJQqQoUkhZ"
  },
  {
    "id": "0730",
    "name": "Plank",
    "bodyPart": "waist",
    "equipment": "body weight",
    "target": "abs",
    "secondaryMuscles": ["shoulders", "glutes", "lower back"],
    "instructions": [
      "Start in a forearm plank position with your elbows directly under your shoulders.",
      "Keep your body in a straight line from head to heels.",
      "Engage your core and squeeze your glutes.",
      "Hold the position for the desired amount of time.",
      "Keep breathing steadily throughout the hold."
    ],
    "gifUrl": "https://v2.exercisedb.io/image/7P2dBKRrRpVliA"
  },
  {
    "id": "0780",
    "name": "Lat Pulldown",
    "bodyPart": "back",
    "equipment": "cable",
    "target": "lats",
    "secondaryMuscles": ["biceps", "rhomboids", "rear delts"],
    "instructions": [
      "Sit at a lat pulldown machine and adjust the thigh pad to secure your legs.",
      "Grasp the bar with a wide overhand grip.",
      "Pull the bar down to your upper chest while leaning back slightly.",
      "Squeeze your shoulder blades together at the bottom of the movement.",
      "Slowly return the bar to the starting position with control.",
      "Repeat for the desired number of repetitions."
    ],
    "gifUrl": "https://v2.exercisedb.io/image/8Q3dCLSsSqWmjB"
  },
  {
    "id": "0794",
    "name": "Leg Press",
    "bodyPart": "upper legs",
    "equipment": "leverage machine",
    "target": "quads",
    "secondaryMuscles": ["glutes", "hamstrings"],
    "instructions": [
      "Sit on the leg press machine with your back against the pad.",
      "Place your feet on the platform shoulder-width apart.",
      "Release the safety handles and lower the platform by bending your knees.",
      "Lower until your knees are at about 90 degrees.",
      "Push the platform back up by extending your legs.",
      "Do not lock your knees at the top of the movement.",
      "Repeat for the desired number of repetitions."
    ],
    "gifUrl": "https://v2.exercisedb.io/image/9R4dDMTtTrXnkC"
  },
  {
    "id": "0808",
    "name": "Leg Curl",
    "bodyPart": "upper legs",
    "equipment": "leverage machine",
    "target": "hamstrings",
    "secondaryMuscles": ["calves"],
    "instructions": [
      "Lie face down on the leg curl machine.",
      "Position your ankles under the padded lever.",
      "Curl your legs up towards your glutes.",
      "Squeeze your hamstrings at the top of the movement.",
      "Slowly lower the weight back to the starting position.",
      "Repeat for the desired number of repetitions."
    ],
    "gifUrl": "https://v2.exercisedb.io/image/0S5dENUuUsYolD"
  },
  {
    "id": "0822",
    "name": "Leg Extension",
    "bodyPart": "upper legs",
    "equipment": "leverage machine",
    "target": "quads",
    "secondaryMuscles": [],
    "instructions": [
      "Sit on the leg extension machine with your back against the pad.",
      "Hook your ankles under the padded bar.",
      "Extend your legs until they are straight.",
      "Squeeze your quads at the top of the movement.",
      "Slowly lower the weight back to the starting position.",
      "Repeat for the desired number of repetitions."
    ],
    "gifUrl": "https://v2.exercisedb.io/image/1T6dFOVvVtZpmE"
  },
  {
    "id": "0850",
    "name": "Triceps Dip",
    "bodyPart": "upper arms",
    "equipment": "body weight",
    "target": "triceps",
    "secondaryMuscles": ["chest", "shoulders"],
    "instructions": [
      "Position yourself on parallel bars with your arms straight and shoulders above your hands.",
      "Keep your body upright to target triceps (lean forward for more chest activation).",
      "Lower your body by bending your elbows until your upper arms are parallel to the ground.",
      "Push yourself back up to the starting position.",
      "Keep your elbows close to your body throughout the movement.",
      "Repeat for the desired number of repetitions."
    ],
    "gifUrl": "https://v2.exercisedb.io/image/2U7dGPWwWuAqnF"
  },
  {
    "id": "0870",
    "name": "Russian Twist",
    "bodyPart": "waist",
    "equipment": "body weight",
    "target": "abs",
    "secondaryMuscles": ["obliques", "hip flexors"],
    "instructions": [
      "Sit on the floor with your knees bent and feet flat on the ground.",
      "Lean back slightly while keeping your back straight.",
      "Lift your feet off the ground for an added challenge (optional).",
      "Clasp your hands together in front of you.",
      "Rotate your torso to the right, then to the left to complete one rep.",
      "Keep your core engaged throughout the movement.",
      "Repeat for the desired number of repetitions."
    ],
    "gifUrl": "https://v2.exercisedb.io/image/3V8dHQXxXvBroG"
  }
]
